base,fr
home,Accueil
my_studies,Mes études
my_subsets,Mes subsets
dataset,Set de données
data,Données
load_data,Charger des données
data_model,Modèle de données
tabs,Onglets
whats_a_tab,Qu'est ce qu'un onglet ?
add_tab,Ajouter un onglet
widgets,Widgets
whats_a_widget,Qu'est ce qu'un widget ?
add_a_widget,Ajouter un widget
get_started,Mise en place
patient_lvl_or_aggregated_data,Données individuelles ou agrégées
tutorials,Tutoriels
resources,Ressources
dev,Dev
individual,Individuelles
patient_level_data,Données individuelles
patient_lvl_data,Données individuelles
aggregated_data,Données agrégées
aggregated,Agrégées
exclusion_reason,Motif de l'exclusion
no_study_available,Pas d'étude disponible
no_person_in_subset,Aucun patient dans le subset
years,ans
months,mois
age,Age
gender,Sexe
undefined,Non défini
included,Inclus
excluded,Exclus
unit,Unité
hosp_unit,Unité
from,Du
to,Au
general_settings,Paramètres généraux
settings,Paramètres
app_database,BDD de l'application
database,Base de données
database_short,BDD
app_version,Version de l'application
connection,Connexion
session,Session
session_starts,Début de la session
session_ends,Fin de la session
test_connection,Tester la connexion
users,Utilisateurs
data_management,Gestion des données
patient,Patient
patients,Patients
person,Patient
persons,Patients
stay,Séjour
visit_detail,Séjour
patient_status,Statut du patient
r_console,Console R
subset,Subset
study,Etude
run_code,Exécuter
category,Catégorie
categories,Catégories
conversions,Conversions
choose_a_damatart_left_side,Choisissez un set de données dans le menu déroulant à gauche de l'écran
choose_a_study_left_side,Choisissez une étude dans le menu déroulant à gauche de l'écran
choose_study_and_dataset_left_side,Choisissez un set de données et une étude dans le menu déroulant à gauche de l'écran
save,Sauvegarder
reload_cache,Recharger le cache
in_progress,En cours de développement
values,Valeurs
numeric_values,Valeurs numériques
rate,Débit
amount,Quantité
display_name,Nom d'affichage
concept_id,ID du concept
concept_id_1,ID du concept 1
concept_id_2,ID du concept 2
mapped_concept_id,ID du concept aligné
reset,Remettre à zéro
all_plugins,Tous les plugins
all_scripts,Tous les scripts
create_plugin,Créer un plugin
plugins_management,Gestion des plugins
edit_plugin_code,Editer le code du plugin
plugin_options,Options du plugin
import_plugin,Importer un plugin
import_plugins,Importer des plugins
export_plugin,Exporter un plugin
export_plugins,Exporter des plugins
export_selected_plugins,Exporter les plugins
import_script,Importer un script
import_scripts,Importer des scripts
export_script,Exporter un script
export_scripts,Exporter des scripts
export_selected_scripts,Exporter les scripts
export_plugins_remote_git,Exporter sur dépôt git distant
import_and_export_plugins,Importer et exporter des plugins
import_and_export_scripts,Importer et exporter des scripts
git_remote_plugins,Sur dépôt git distant
git_remote_scripts,Sur dépôt git distant
remote_git_repo,Dépôt git distant
remote_git_repos,Dépôts git distants
local_plugins,Plugins locaux
local_plugins_short,Locaux
plugin,Plugin
add,Ajouter
add_widget,Ajouter le widget
group_id,ID du groupe
ui,UI
server,Server
hide_editor,Masquer l'éditeur
grant_access_to,Donner l'accès à
everybody,Tout le monde
everybody_who_has_access_to_dataset,Tout le monde ayant accès au set de données
choose_users,Choisir les utilisateurs
choose_zip_file,Choisir un fichier ZIP
choose_csv_files,Choisir des fichiers CSV
loaded_file,Fichier chargé
loaded_files,Fichiers chargés
plugins_patient_lvl,Plugins - Données individuelles
plugins_aggregated,Plugins - Données agrégées
scripts_management,Gestion des scripts
create_script,Créer un script
edit_script_code,Editer le code du script
script_options,Options du script
concept,Concept
concepts,Concepts
accesses_opts,Configurer les accès
select_all,Tout sélectionner
unselect_all,Tout déselectionner
add_new_user,Ajouter un utilisateur
users_mngmt,Gestion utilisateurs
add_access,Ajouter un accès
accesses_mngmt,Gestion accès
add_status,Ajouter un statut
add_user,Ajouter un utilisateur
username,Pseudo
firstname,Prénom
lastname,Nom
user_access,Accès utilisateur
user_status,Statut de l'utilisateur
statuses_mngmt,Gestion statuts
name,Nom
create_study,Créer une étude
studies_management,Gestion des études
import_study,Importer une étude
export_study,Exporter une étude
dataset_options,Options du set de données
create_data_source,Créer une source de données
data_sources_management,Gestion des sources de données
concepts_mapping,Alignement de concepts
mapping,Alignement de concepts
vocabularies_management,Gestion des terminologies
show_only_used_concepts,N'afficher que les concepts utilisés
create_dataset,Créer un set de données
datasets_management,Gestion des sets de données
messages,Messages
study_options,Options de l'étude
overview,Présentation
news,Actualités
import_excel_file,Importer fichier Excel
import_csv_file,Importer fichier CSV
connect_to_database,Connexion à une base de données
version,Version
versions,Versions
change_password,Changer son mot de passe
new_passwords_are_not_the_same,Nouveaux mdp non identiques
old_password,Ancien mot de passe
new_password,Nouveau mot de passe
invalid_old_password,Ancien mot de passe non valide
password_changed,Mot de passe modifié avec succès
id,ID
description,Description
creator,Créateur
datetime,Date & heure
deleted,Supprimé
modified,Modifié
action,Action
script,Script
dt_previous,Précédente
dt_next,Suivante
dt_search ,Rechercher : 
dt_entries,Afficher _MENU_ lignes
dt_empty,Pas de données disponibles
no_data_available,Pas de données disponibles
deleted_user,Utilisateur supprimé
choose_dataset_scripts,Configurer le set de données
unauthorized_access_page,Accès non autorisé à cette page
change_password_card,Changer le mot de passe
app_db,BDD de l'application
app_db_long,Base de données de l'application
connection_type,Type de connexion
db_connection_infos_card,Informations de connexion
db_datatable_card,Tables de la BDD
db_request_card,Requêter la BDD
db_save_long,Exporter la base de données
db_save_card,Exporter la BDD
db_export_and_restore,Exporter et restaurer la base de données
database_structure,Structure de la base de données
db_restore_long,Restaurer la base de données
db_restore_card,Restaurer la BDD
connection_infos,Informations de connexion
app_db_request,Requêter la BDD
app_db_request_long,Requêter la base de données
request,Requêter
app_db_tables,Tables de la BDD
app_db_tables_long,Tables de la base de données
db_connexion_type,Type de connexion
local,Locale
local_plural,Locaux
distant,Distante
remote,Distante
dbname,Nom de la BDD
main_db_name,Nom de la BDD principale
main_db,BDD principale
public_db_name,Nom de la BBD publique
public_db,BDD publique
host,Hôte
port,Port
user,Utilisateur
password,Mot de passe
export_db,Exporter la base de données
db_export_log,Exporter le log
db_import_log,Importer le log
restore_db,Restaurer la base de données
table_name,Nom de la table
row_number,Nombre de lignes
last_db_save,Dernière sauvegarde
current_db,Base de données utilisée
last_db_restore,Dernière restauration
users_delete,Suppression d'utilisateurs
users_delete_subtext,Confirmer la suppression du ou des utilisateur(s) ?
user_deleted,Utilisateur supprimé
users_statuses_delete,Suppression de statuts
users_statuses_delete_subtext,Confirmer la suppression du ou des statut(s) d'utilisateur(s) ?
user_status_deleted,Statut supprimé
users_accesses_delete,Suppression d'accès d'utilisateurs
users_accesses_delete_subtext,Confirmer la suppression de l'accès ou des accès utilisateur(s) ?
user_access_deleted,Accès supprimé
users_delete_data,Supprimer des utilisateurs,des accès ou des statuts
users_creation_card,Créer un utilisateur
users_creation,Créer un utilisateur
users_management_card,Gérer les utilisateurs
users_management,Gestion des utilisateurs
users_accesses,Accès utilisateurs
users_accesses_creation_card,Créer un accès
users_accesses_management_card,Gérer les accès
users_accesses_management,Gérer les accès
users_accesses_options_card,Configurer les accès
users_statuses,Statuts des utilisateurs
users_statuses_creation_card,Créer un statut
users_statuses_management_card,Gérer les statuts
users_statuses_management,Gérer les statuts
r_console_edit_code_card,Accès à la console R
data_sources,Sources de données
data_sources_see_all_data,Accès à toutes les données
data_sources_edit_data,Editer les sources de données
data_sources_delete_data,Supprimer une source de données
data_sources_creation_card,Créer une source de données
data_sources_datatable_card,Gérer les sources de données
datasets,Set de données
datasets_see_all_data,Accès à toutes les données
datasets_edit_data,Editer un set de données
datasets_delete_data,Supprimer un set de données
datasets_creation_card,Créer un set de données
datasets_datatable_card,Gérer les sets de données
datasets_options_card,Editer les options des sets de données
datasets_edit_code_card,Editer le code d'un set de données
studies,Etudes
studies_edit_data,Edit study data
studies_see_all_data,Accès à toutes les données
studies_delete_data,Supprimer une étude
study_messages,Messages de l'étude
study_messages_card,Accéder aux messages
studies_creation_card,Créer une étude
study_options_card,Gérer les options d'une étude
studies_datatable_card,Gérer les études
import_study_card,Importer une étude
export_study_card,Exporter une étude
subsets,Subsets
subsets_see_all_data,Accès à toutes les données
subsets_edit_data,Editer les subsets
subsets_delete_data,Supprimer un subset
subsets_creation_card,Créer un subset
subsets_datatable_card,Gérer les subsets
subsets_edit_code_card,Editer le code d'un subset
plugins,Plugins
all_plugins_card,Accéder au catalogue des plugins
plugins_see_all_data,Accéder à toutes les données
plugins_edit_data,Editer un plugin
plugins_delete_data,Supprimer un plugin
plugins_creation_card,Créer un plugin
plugins_datatable_card,Gérer les plugins
plugins_options_card,Gérer les options d'un plugin
plugins_edit_code_card,Editer le code d'un plugin
import_plugin_card,Importer un plugin
export_plugin_card,Exporter un plugin
scripts,Scripts
dataset_scripts_card,Configurer les scripts d'un dataset
scripts_datatable_card,Gérer les scripts
scripts_see_all_data,Accès à toutes les données
scripts_creation_card,Créer un script
scripts_edit_code_card,Editer le code d'un script
scripts_options_card,Editer les options d'un script
log,Log
all_users,Accès au log de tous les utilisateurs
only_me,Accès uniquement à son log
available_scripts,Scripts disponibles
selected_scripts,Scripts choisis
provide_valid_name,Nom valide requis
provide_valid_url_address,URL valide requise
provide_valid_study_name,Nom valide requis
provide_valid_subset_name,Nom valide requis
provide_valid_script_name,Nom valide requis
provide_valid_plugin_name,Nom valide requis
provide_valid_username,Pseudo valide requis
provide_valid_firstname,Prénom valide requis
provide_valid_lastname,Nom valide requis
provide_valid_user_access,Sélectionner un accès
provide_valid_user_status,Sélectionner un statut
provide_valid_main_db_name,Nom valide requis
provide_valid_public_db_name,Nom valide requis
provide_valid_description,Description valide requise
provide_valid_data_source,Sélectionner une source de données
provide_valid_user,Nom d'utilisateur valide requis
provide_valid_host,Hôte valide requis
provide_valid_port,Port valide requis (ex : 5432)
provide_valid_password,Mot de passe valide requis
provide_valid_object,Objet valide requis
provide_valid_vocabulary_id,ID valide requis
insert_new_data,Ajout nouvelles données
sql_query,Requête SQL
subset_all_patients,Tous les patients
subset_all_patients_long,Subset comprenant tous les patients
subset_included_patients,Patients inclus
subset_included_patients_long,Subset comprenant seulement les patients inclus
subset_excluded_patients,Patients exclus
subset_excluded_patients_long,Subset comprenant seulement les patients exclus
name_already_used,Ce nom est déjà utilisé
vocabulary_id_already_used,Cet ID est déjà utilisé
username_already_used,Ce pseudo est déjà utilisé
dropdown_empty,Il manque au moins une valeur dans les menus déroulants
data_source_added,Nouvelle source de données ajoutée
dataset_added,Nouveau set de données ajouté
study_added,Nouvelle étude ajoutée
subset_added,Nouveau subset ajouté
script_added,Nouveau script ajouté
script_updated,Script mis à jour
script_imported,Script importé
vocabulary_added,Nouvelle terminologiee ajoutée
user_added,Nouvel utilisateur ajouté
user_access_added,Nouvel accès utilisateur ajouté
user_status_added,Nouveau statut d'utilisateur ajouté
git_repo_added,Nouveau dépôt git distant ajouté
delete,Supprimer
dont_delete,Annuler
scripts_delete,Supprimer un script
scripts_delete_subtext,Confirmez-vous la suppression de ce script ?
import_dataset_success,Set de données chargé avec succès
script_deleted,Script(s) supprimé(s)
modif_saved,Modifications enregistrées
console,Console
table,Table
output,Output
script_description,Description du script
all_scripts_card,Tous les scripts
run_scripts_success,Scripts exécutés avec succès
fail_load_dataset,Erreur lors du chargement du set de données
fail_load_vocabulary,Erreur lors du chargement de la terminologie
fail_load_vocabulary_code,Erreur lors du chargement du code de la terminologie
fail_load_scripts,Erreur lors de l'exécution des scripts
invalid_col_names,Noms de colonnes non valides
invalid_col_types,Types de colonnes non valides
error_get_actual_primary_keys,Erreur lors du chargement des clés primaires de la terminologie
type_must_be_integer,doit être de type integer
type_must_be_character,doit être de type character
type_must_be_numeric,doit être de type numeric
type_must_be_datetime,doit être de type datetime
type_must_be_date,doit être de type date
vocabulary_no_data_to_insert,Pas de nouvelles données à insérer dans la base de données
column,Colonne
columns,Colonnes
columns_concepts,Colonnes des concepts
columns_mapped_concepts,Colonnes des concepts alignés
import_vocabulary_table_success,Table de terminologie ajoutée avec succès
scripts_cache_memory,Mémoire cache
edit_dataset_code,Editer le code du set de données
edit_vocabulary_code,Editer le code de la terminologie
data_source,Source de données
data_source_id,ID de la source de données
show_only_aggregated_data,N'autoriser l'accès qu'aux données agrégées
people_picker,Choisir les utilisateurs
matching_people,Personnes correspondantes
num_rows,Lignes
num_rows_with_mapping,Lignes avec concepts alignés
num_rows_current_dataset,Lignes dans le set sélectionné
num_datasets,Sets
num_patients,Patients
concepts_rows,Lignes
persons_rows,Patients
plugins_delete,Suppression de plugins
plugins_delete_subtext,Confirmer la suppression du ou des plugin(s) ?
mapping_delete,Suppression d'alignement de concepts
mapping_delete_subtext,Confirmer la suppression de l'alignement ou des alignement(s) de concepts ?
tab_type,Type d'onglet
last_update,Dernière modification
created_on,Créé le
updated_on,Modifié le
vocabulary_selected_concepts,Concepts sélectionnés
replace_already_existing_plugins,Remplacer les plugins déjà existants
replace_already_existing_scripts,Remplacer les scripts déjà existants
plugins_to_export,Plugins à exporter
scripts_to_export,Scripts à exporter
image_url,URL de l'image
no_results_found,Pas de résultats
french,Français
english,Anglais
description_french,Française
description_english,Anglaise
author,Auteur
browse,Parcourir
import_image,Importer une image
back,Retour
download,Télécharger
update,Mettre à jour
download_plugin,Télécharger le plugin
no_plugin_available,Pas de plugin disponible
plugin_added,Nouveau plugin ajouté
unauthorized_action,Action non autorisée
plugins_deleted,Plugin(s) supprimé(s)
mapping_deleted,Alignement(s) de concepts supprimé(s)
install_plugin,Installer ce plugin
update_plugin,Mettre à jour ce plugin
plugin_up_to_date,Plugin à jour
local_plugin_newer,Le plugin local est plus récent
error_install_remote_git_plugin,Erreur lors de l'installation d'un plugin depuis le git distant
success_installing_remote_git_plugin,Plugin installé avec succès depuis le git distant
choose_remote_git,Choisissez un dépôt de git distant
success_importing_plugin,Plugin(s) importé(s) avec succès
success_importing_script,Script(s) importé(s) avec succès
success_importing_dataset,Set de données importé avec succès
error_importing_plugin,Erreur lors de l'importation du ou des plugin(s)
error_importing_image,Erreur lors de l'importation de l'image
error_importing_script,Erreur lors de l'importation du ou des script(s)
unique_id,ID unique
type,Type
refresh,Rafraîchir
delete_selection,Supprimer la sélection
imported_plugins,Plugins importés
imported_scripts,Scripts importés
image_imported,Image importée
never,Jamais
same_level_current_tab,Même niveau que l'onglet actuel
level_under,Niveau d'en-dessous
add_a_tab,Ajouter un onglet
edit_a_tab,Editer un onglet
invalid_dataset_id_value,Valeur de dataset_id non valide
var_type_not_valid,La variable 'type' n'est pas valide
error_loading_csv,Erreur lors du chargement du fichier CSV
error_transforming_tibble,Erreur dans la conversion de la variable au format tibble
valid_col_names_are,Noms de colonnes non valides. Les noms requis sont : 
error_saving_csv,Erreur dans l'enregistrement du fichier CSV
import_dataset_success_person,Variable person importée avec succès
import_dataset_success_observation_period,Variable observation_period importée avec succès
import_dataset_success_visit_occurrence,Variable visit_occurrence importée avec succès
import_dataset_success_visit_detail,Variable visit_detail importée avec succès
import_dataset_success_condition_occurrence,Variable condition_occurrence importée avec succès
import_dataset_success_drug_exposure,Variable drug_exposure importée avec succès
import_dataset_success_procedure_occurrence,Variable procedure_occurrence importée avec succès
import_dataset_success_device_exposure,Variable device_exposure importée avec succès
import_dataset_success_measurement,Variable measurement importée avec succès
import_dataset_success_observation,Variable observation importée avec succès
import_dataset_success_death,Variable death importée avec succès
import_dataset_success_note,Variable note importée avec succès
import_dataset_success_note_nlp,Variable note_nlp importée avec succès
import_dataset_success_specimen,Variable specimen importée avec succès
import_dataset_success_fact_relationship,Variable fact_relationship importée avec succès
import_dataset_success_location,Variable location importée avec succès
import_dataset_success_location_history,Variable location_history importée avec succès
import_dataset_success_care_site,Variable care_site importée avec succès
import_dataset_success_provider,Variable provider importée avec succès
import_dataset_success_payer_plan_period,Variable payer_plan_period importée avec succès
import_dataset_success_cost,Variable patients importée avec succès
import_dataset_success_drug_era,Variable drug_era importée avec succès
import_dataset_success_dose_era,Variable dose_era importée avec succès
import_dataset_success_condition_era,Variable condition_era importée avec succès
rows,Lignes
code,Code
fail_load_code,Erreur lors du chargement du code
fail_execute_code,Erreur lors de l'éxécution du code
fail_execute_dataset_code,Erreur lors de l'éxécution du code du set de données
patient_lvl_tab_group,Données individuelles - groupe d'onglets
aggregated_tab_group,Données agrégées - groupe d'onglets
invalid_subset_id_value,Valeur de subset_id non valide
error_inserting_data,Erreur lors de l'insertion de données dans la BDD
add_persons_to_subset,Ajouter des patients au subset
add_persons_subset_success,Insertion de patients dans le subset avec succès
remove_persons_subset_success,Suppression de patients du subset avec succès
studies_delete,Suppression d'études
studies_delete_subtext,Confirmer la suppression du ou des étude(s) ?
studies_deleted,Etude(s) supprimée(s)
subsets_delete,Suppression de subsets
subsets_delete_subtext,Confirmer la suppression du ou des subset(s) ?
subsets_deleted,Subset(s) supprimé(s)
subset_persons_delete,Suppression de patients
subset_persons_delete_subtext,Confirmer la suppression du ou des patient(s) ?
subset_persons_deleted,Patient(s) supprimé(s)
datasets_delete,Suppression de sets de données
datasets_delete_subtext,Confirmer la suppression du ou des set(s) de données ?
datasets_deleted,Set(s) de données supprimé(s)
data_sources_delete,Suppression de sources de données
data_sources_delete_subtext,Confirmer la suppression du ou des source(s) de données ?
data_sources_deleted,Source(s) de données supprimée(s)
vocabulary_delete,Suppression de terminologie
vocabulary_delete_subtext,Confirmer la suppression de la ou des terminologie(s) ?
vocabulary_deleted,Terminologie(s) supprimée(s)
yes,Oui
no,Non
abbreviation,Abréviation
name_abbreviation,Nom / Abréviation
invalid_table_name,Nom de table non valide
tables_allowed,Tables autorisées
show_plots,Afficher les figures
evaluate,Evaluer
evaluate_and_edit,Evaluer & éditer
edit,Modifier
vocabulary_1,Terminologie 1
vocabulary_2,Terminologie 2
concept_1_is,Le concept 1
to_concept_2,le concept 2
concept_1_is_to_concept_2,Le concept 1 par rapport au concept 2
equivalent_to,Est équivalent à
included_in,Est inclus dans
include,Inclut
colour,Couleur
load_some_patient_data_plugin,Charger des données avant d'exécuter le code du plugin
patient_id,ID du patient
person_id,ID du patient
stay_id,ID du séjour
visit_detail_id,ID du séjour
evaluate_concept_mapping,Evaluer un alignement de concepts
add_concept_mapping,Ajouter un alignement de concepts
evaluate_and_delete_concepts_mappings,Evaluer et supprimer des alignements de concepts
vocabularies_and_concepts,Terminologies & concepts
whats_a_vocabulary,Qu'est-ce qu'une terminologie ?
whats_a_concept_mapping,Qu'est ce qu'un alignement de concepts ?
vocabularies_concepts_mapping,Alignement de concepts
vocabulary_mapping_added,Nouvel alignement de concepts ajouté
vocabulary_mapping_already_exists,Cet alignement de concepts existe déjà
checked,Vérifié
relation,Relation
positive_evals,Evals positives
negative_evals,Evals négatives
plus_symbol,+
minus_symbol,-
error_connection_remote_git,Impossible de se connecter au git distant
user_evaluation_id,ID évaluation utilisateur
only_aggregated_data_authorized,Seules les données agrégées sont autorisées pour ce set de données
remove_tab,Supprimer l'onglet
edit_tab,Editer l'onglet
new_widget,Ajouter un widget
patient_lvl_tabs_delete,Suppression d'onglet
patient_lvl_tabs_delete_subtext,Confirmer la suppression de cet onglet ?
patient_lvl_tab_deleted,Onglet supprimé
patient_lvl_tab_added,Onglet ajouté
patient_lvl_widget_added,Widget ajouté
patient_lvl_widgets_delete,Suppression de widget
patient_lvl_widgets_delete_subtext,Confirmer la suppression de ce widget ?
patient_lvl_widget_deleted,Widget supprimé
aggregated_tabs_delete,Suppression d'onglet
aggregated_tabs_delete_subtext,Confirmer la suppression de cet onglet ?
aggregated_tab_deleted,Onglet supprimé
aggregated_tab_added,Onglet ajouté
aggregated_widget_added,Widget ajouté
aggregated_widgets_delete,Suppression de widget
aggregated_widgets_delete_subtext,Confirmer la suppression de ce widget ?
aggregated_widget_deleted,Widget supprimé
tab_contains_sub_tabs,Cet onglet contient des sous-onglets. Cliquer de nouveau sur le lien de l'onglet pour afficher les sous-onglets.
add_tab_has_widgets,Impossible d'ajouter un onglet en-dessous de celui-ci parce qu'il contient au moins un widget. Supprimer ces widgets avant.
widget_name,Nom du widget
error_run_plugin_ui_code,Erreur à l'éxécution du code de l'interface utilisateur du plugin
error_run_plugin_server_code,Erreur à l'éxécution du code serveur du plugin
positive_evals_short,Eval. pos.
negative_evals_short,Eval. nég.
all_messages,Tous les messages
new_conversation,Nouvelle conversation
send,Envoyer
preview,Aperçu
today,Aujourd'hui
rmarkdown,RMarkdown
new_conversation_added,Nouvelle conversation ajoutée
conversation_id,ID de la conversation
conversation_name,Nom de la conversation
object,Objet
unread_messages,Messages non lus
new_message,Nouveau message
new_message_added,Nouveau message ajouté
vocabulary_error_append_table,Erreur lors de l'ajout des nouveaux concepts dans la base de données
error_multiple_primary_keys,Certaines clefs primaires sont dupliquées. Retirer les duplicats avant d'importer la table de terminologie.
error_multiple_identical_values,Certaines valeurs sont dupliquées. Retirer les duplicats avant d'importer la table de terminologie.
invalid_category,Catégorie non valide
error_duplicate_mappings,Certains alignements de concepts sont dupliqués. Retirer les duplicats avant d'importer la terminologie.
datatable_view,Tableau
tree_view,Arbre
fail_load_list_file,Erreur lors du chargement du fichier liste
fail_save_list_file,Erreur lors l'enregistrement du fichier liste
none_masc,Aucun
none_fem,Aucune
unroll_tree,Dérouler l'arbre
merge_mapped_concepts,Fusionner les concepts alignés
vocabulary_mapping_same_concepts,Un concept ne peut être aligné avec lui-même (hormis pour 'Correspond à')
widget_creation,Ajouter un widget
widget_creation_save,Ajouter le widget
widget_settings,Paramétrer un widget
widget_settings_save,Sauvegarder
image,Image
plugin_deleted,Plugin supprimé
translations,Traductions
error_creating_translations_file,Erreur de la création du fichier de traductions
error_creating_new_translator,Erreur lors de la création de la variable de traduction
delete_this_image,Supprimer cette image
error_deleting_image,Erreur lors de la suppression de l'image
image_deleted,Image supprimée
plugin_image_delete,Supprimer une image
plugin_image_delete_subtext,Confirmer la suppression de cette image ?
no_available_plugin,Pas de plugin disponible
activate_scripts_cache,Activer la mise en mémoire cache
last_cache_load_datetime,Date du dernier chargement du cache
deleted_script,Script supprimé
scripts_loaded_successfully,Scripts chargés avec succès
scripts_with_load_failure,Scripts avec échec de chargement
create_subset,Créer un subset
subset_management,Gestion du subset
subsets_management,Gestion des subsets
edit_subset_code,Editer le code du subset
sql_lib,Librairie SQL
deleted_data_source,Source de données supprimée
perf_monitoring,Mesure des performances
to_do_list,To do list
elapsed_time,Temps écoulé (sec)
task,Tâche
datetime_start,Début
datetime_stop,Fin
fail_connect_remote_db,Echec lors de la connexion à la base de données distante
success,Succès
successfully_connected,Connecté avec succès
reload_app_to_take_into_account_changes,Vous devez redémarrer la session pour prendre en compte les changements
modif_names_duplicates,Certains noms sont utilisés plusieurs fois, retirez-les avant de sauvegarder
error_restoring_database,Erreur lors de la restauration de la base de données
error_restoring_database_table,Erreur lors de la restauration d'une table de la base de données
error_importing_default_database,Erreur lors de l'importation de la base de données par défaut
database_restored,Base de données restaurée
reload_log,Recharger le log
value,Valeur
subset_persons,Patients du subset
admin,Admin
admin_access,Accès admin
data_scientist,Data scientist
clinician,Clinicien
statistician,Statisticien
mimic_iv_test_dataset,MIMIC-IV set de données test
mortality_prediction,Prédiction de la mortalité
fail_execute_subset_code,Echec lors de l'éxécution du code du subset
error_adding_patients_to_subset,Erreur lors de l'ajout de patients au subset
name_fr,Nom (FR)
name_en,Nom (EN)
category_fr,Catégorie (FR)
category_en,Catégorie (EN)
names_empty,Au moins un nom est vide, remplissez-le avant de sauvegarder
error_removing_patients_from_subset,Erreur lors de la tentative de suppression de patients du subset
help,Aide
no_help_for_this_page,Pas d'aide pour cette page
create_and_test_a_plugin,Créer et tester un plugin
create_and_test_a_script,Créer et tester un script
create_a_plugin,Créer un plugin
whats_a_plugin,Qu'est ce qu'un plugin ?
whats_a_script,Qu'est ce qu'un script ?
local_and_remote_plugins,Plugins locaux et distants
local_and_remote_scripts,Scripts locaux et distants
access_log,Accéder au log
change_password_card_user_access_description,Changer le mot de passe du compte actuel
db_connection_infos_card_user_access_description,Configurer les connexions à la base de données de l'application
db_datatable_card_user_access_description,Accéder à la liste des tables de la BDD de l'application
db_request_card_user_access_description,Requêter la BDD de l'application
db_save_card_user_access_description,Exporter la BDD de l'application
db_restore_card_user_access_description,Restaurer la BDD de l'application
users_creation_card_user_access_description,Créer un utilisateur
users_management_card_user_access_description,Gérer les utilisateurs (éditer et supprimer)
users_accesses_management_card_user_access_description,"Gérer les accès utilisateurs (ajouter, éditer et supprimer)"
users_accesses_options_card_user_access_description,Configurer les accès utilisateurs
users_statuses_management_card_user_access_description,"Gérer les statuts des utilisateurs (ajouter, éditer et supprimer)"
dev_edit_code_card_user_access_description,Exécuter du code dans la console R sans restriction d'accès aux données
dev_perf_monitoring_card_user_access_description,Accéder aux mesures des performances
data_sources_datatable_card_user_access_description,"Gérer les sources de données (ajouter, éditer et supprimer)"
datasets_see_all_data_user_access_description,"Accéder à tous les sets de données, même ceux pour lesquels l'utilisateur n'est pas dans les utilisateurs autorisés"
datasets_datatable_card_user_access_description,"Gérer les sets de données (ajouter, éditer et supprimer)"
datasets_options_card_user_access_description,Editer les options des sets de données
datasets_edit_code_card_user_access_description,Editer le code des sets de données
studies_see_all_data_user_access_description,"Accéder à toutes les études, même celles pour lesquelles l'utilisateur n'est pas dans les utilisateurs autorisés"
studies_description_card_user_access_description,Accéder aux descriptions des études
studies_datatable_card_user_access_description,"Gérer les études (ajouter, éditer et supprimer)"
studies_options_card_user_access_description,Editer les options des études
subsets_datatable_card_user_access_description,"Gérer les subsets (ajouter, éditer et supprimer)"
subsets_edit_code_card_user_access_description,Editer le code des subsets
subsets_persons_card_user_access_description,Gérer les patients des subsets (ajouter et supprimer des patients d'un subset)
vocabularies_datatable_card_user_access_description,"Gérer les terminologies (ajouter, éditer et supprimer)"
vocabularies_vocabularies_tables_datatable_card_user_access_description,"Accéder aux tables des terminologies (depuis la page des paramètres)"
vocabularies_edit_code_card_user_access_description,Editer le code des terminologies
vocabularies_import_vocabulary_card_user_access_description,Importer une terminologie
vocabularies_concepts_card_user_access_description,Accéder aux concepts des terminologies (depuis l'onglet en haut de la page)
vocabularies_mapping_card_user_access_description,Accéder aux alignements de concepts
study_messages_card_user_access_description,Accéder aux conversations des études
plugins_see_all_data_user_access_description,"Accéder à tous les plugins, même ceux pour lesquels l'utilisateur n'est pas dans les utilisateurs autorisés"
all_plugins_card_user_access_description,Accéder à l'onglet 'Tous les plugins'
plugins_datatable_card_user_access_description,"Gérer les plugins (ajouter, éditer et supprimer)"
plugins_options_card_user_access_description,Editer les options des plugins
plugins_edit_code_card_user_access_description,Editer le code des plugins
import_plugin_card_user_access_description,Importer des plugins
export_plugin_card_user_access_description,Exporter des plugins
scripts_datatable_card_user_access_description,"Gérer les scripts (ajouter, éditer et supprimer)"
all_scripts_card_user_access_description,Accéder à l'onglet 'Tous les scripts'
dataset_scripts_card_user_access_description,Configurer les scripts des datasets (quels scripts seront exécutés au chargement d'un dataset)
scripts_edit_code_card_user_access_description,Editer le code des scripts
scripts_options_card_user_access_description,Editer les options des scripts
import_script_card_user_access_description,Importer des scripts
export_script_card_user_access_description,Exporter des scripts
all_users_user_access_description,Accéder au log de tous les utilisateurs
only_me_user_access_description,Accéder au log de l'utilisateur connecté
vocabulary_id_col,ID (vocabulary_id)
vocabulary_id,ID de la terminologie
vocabulary_id_1,ID terminologie 1
vocabulary_id_2,ID terminologie 2
vocabulary_name_col,Nom (vocabulary_name)
vocabulary_name,Nom de la terminologie
vocabulary,Terminologie
vocabularies,Terminologies
vocabulary_concepts,Concepts de la terminologie
vocabulary_table,Table de la terminologie
vocabulary_tables,Tables de la terminologie
vocabularies_tables,Tables des terminologies
vocabulary_reference,Référence de la documentation de la terminologie
vocabulary_version,Version de la terminologie
vocabulary_concept_id,Concept ID de la terminologie
display_order,Ordre d'affichage
import_vocabulary,Importer une terminologie
imported_vocabularies,Terminologies importées
imported_data,Données importées
invalid_vocabulary_table,Nom de table de terminologie non valide
vocabularies_table_delete,Suppression de lignes
vocabularies_table_delete_subtext,Confirmer la suppression de la / des ligne(s) ?
vocabulary_table_rows_deleted,Ligne(s) supprimée(s)
vocab_tables_duplicates_cols,Certaines colonnes ont des valeurs dupliquées. Voir l'aide pour connaître les colonnes n'acceptant pas de valeurs dupliquées.
vocab_tables_empty_cols,Certaines colonnes ont des valeurs nulles. Voir l'aide pour connaître les colonnes n'acceptant pas de valeurs nulles.
vocabularies_datatable_show_row_details,Afficher les détails de la ligne sélectionnée
vocabularies_datatable_show_mapped_concepts,Afficher les concepts alignés
show_mapped_concepts,Afficher les concepts alignés
select_only_one_row_for_details,Sélectionner une seule ligne pour afficher les détails de la ligne sélectionnée
load_concept_data_before,Charger la table CONCEPT avant
load_concept_relationship_data_before,Charger la table CONCEPT_RELATIONSHIP avant
error_importing_vocabulary,Erreur lors de l'importation du ou des terminologie(s)
all_vocabularies,Toutes les terminologies
success_importing_vocabulary,Terminologie(s) importée(s) avec succès
study_description,Description de l'étude
studies_description_card,Description de l'étude
error_loading_plugins_xml_file,Erreur lors du téléchargement du fichier plugins.xml depuis le git distant
error_loading_home_files,Erreur lors du téléchargement des fichiers de la page d'accueil
summary,Sommaire
omop_version,Version d'OMOP
invalid_omop_version,"Version d'OMOP non valide. Versions valides : 5.3, 5.4 et 6.0."
rows_inserted,Lignes ajoutées
concept_name,Nom du concept
concept_name_1,Nom du concept 1
concept_name_2,Nom du concept 2
mapped_concept_name,Nom du concept aligné
concept_display_name,Nom d'affichage du concept
concept_display_name_1,Nom d'affichage du concept 1
concept_display_name_2,Nom d'affichage du concept 2
mapped_concept_display_name,Nom d'affichage du concept aligné
domain_id,ID du domaine
concept_class_id,ID de la classe du concept
standard_concept,Concept standard
concept_code,Code du concept
valid_start_date,Date de début de validité
valid_end_date,Date de fin de validité
invalid_reason,Raison d'invalidité
relationship_id,ID de la relation
dataset_all_concepts_reload_cache,Recharger le cache
dataset_all_concepts_reload_cache_subtext,Confirmer la recharge de la mémoire cache ?
cache_reloaded,Cache rechargé
delete_tab,Supprimer l'onglet
value_as_number,Valeur numérique
values_as_number,Valeurs numériques
value_as_concept_id,Valeur en tant que concept
values_as_concept_id,Valeurs en tant que concepts
value_as_string,Valeur textuelle
values_as_string,Valeurs textuelles
quantity,Quantité
quantities,Quantités
title,Titre
titles,Titres
text,Texte
texts,Textes
proportion,Proportion
no_data_to_show,Pas de donneés à afficher
too_many_x_axis_values,Trop de données dans l'axe des x
maps_to,Correspond à (non-std vers std)
mapped_from,Correspond à (std vers non-std)
is_a,Est inclus dans
subsumes,Inclut
error_calculating_num_rows_concepts_dataset,Erreur lors du calcul du nombre de lignes par concept dans le set de données
show_only_not_mapped_concepts,Concepts non alignés uniquement
vocabulary_show_only_not_evaluated_concepts,Alignements non évalués uniquement
vocabulary_show_mapping_details,Afficher le détail de l'alignement sélectionné
add_git_repo,Ajouter un dépôt git
git_repos_management,Gestion des dépôts git
git_add_repo_card_user_access_description,Ajouter un dépôt git
git_repos_management_card_user_access_description,Gestion des dépôts git
link,Lien
url_address,Adresse URL
git_repos_delete,Suppression de dépôt git
git_repos_delete_subtext,Confirmer la suppression du dépôt git ?
git_repo_deleted,Dépôt git supprimé
all_categories,Toutes les catégories
show_data,Afficher les données
hide_concepts_datatables,Masquer les tableaux
study_delete_conversation_title,Supprimer une conversation
study_delete_conversation_subtext,Confirmer la suppression de cette conversation ?
study_delete_message_title,Supprimer un message
study_delete_message_subtext,Confirmer la suppression de ce message ?
deleted_message,Message supprimé
fail_load_message,Erreur lors du chargement d'un message
fail_load_message_show_raw_message,"Erreur lors du chargement du message, affichage du texte brut."
main_tables_to_export,Tables de la BDD principale
public_tables_to_export,Tables de la BDD publique
main_tables_to_import,Tables de la BDD principale
public_tables_to_import,Tables de la BDD publique
error_downloading_tabs_and_cards_csv_file,Erreur lors du téléchargement du fichier tabs_and_cards.csv
error_loading_tabs_and_cards_csv_file,Erreur lors du chargement du fichier tabs_and_cards.csv
invalid_vocabulary_id_value,Valeur de vocabulary_id non valide
invalid_concept_name_value,Valeur de concept_name non valide
invalid_domain_id_value,Valeur de domain_id non valide
invalid_concept_class_id_value,Valeur de concept_class_id non valide
invalid_concept_code_value,Valeur de concept_code non valide
vocabulary_concept_already_exists,Ce concept est déjà présent dans la base de données
vocabulary_concept_added,Nouveau concept ajouté
vocabulary_id_doesnt_exist,Ce vocabulary_id n'existe pas dans la base de données
invalid_method_value,Valeur de method non valide
invalid_concept_id_value,Valeur de concept_id non valide
concept_not_found,Concept non trouvé
error_loading_script_description,Erreur lors du chargement de la description du script
access_to_data,Accéder aux données
scripts_and_plugins,Scripts & plugins
comment,Commentaire
